{"cameraMode":{"drawMode":0,"name":"Shaded","section":"Shading Mode"},"sceneLighting":true,"audioPlay":false,"sceneViewState":{"showFog":true,"showMaterialUpdate":false,"showSkybox":true,"showFlares":true,"showImageEffects":true,"showParticleSystems":true},"in2DMode":false,"pivot":{"x":5.287692070007324,"y":-0.20197927951812745,"z":1.1235206127166749},"rotation":{"x":-0.22597286105155946,"y":0.2232600301504135,"z":-0.0532907210290432,"w":-0.9467055797576904},"size":4.481903553009033,"orthographic":false}